Pop,108,108,108,108,108,108,108,108,108,108,108,G4,G4,103,103,103,103,103,103,103,103,103,103,103,103,103,103,103,103,103,103,103,103,103,103,103,119,119,119,119,119,119,119,119,119,119,119,119,119,121,121,121,121,121,121,121,121,121,121,121,121,121,121,121,121,124,124,124,124,124,124,124,124,124,124,124,B103,B103,B103,B103,B103,B103,B103,B103,B103,B103,B103,B103,B103,B103,B103,B103,B103,B103,B103,B103,B103,B103,B103,B103,B103,B103,B103,B103,B103,B103,B103,B103,B103,B103,B103,B103,B103,B103,B103,B103,B103,B103,B103,B103,B103,B103,B108,B108,B108,B108,B108,B108,B108,B108,B108,B108,B108,B108,B108,B108,B108,B128,B128,B128,B128,B128,B128,B128,B128,B128,B128,B128,B128,B128,B128,B128,B128,B128,B128,B128,B128,B128,B128,B128,B128,B128,B128
BTH,0.07143,0,0.1,0,0.12857,0.61429,0.02857,0.05714,0,0,0,0.625,0.375,0,0.11905,0.30952,0.11905,0,0,0,0,0,0,0.04762,0,0.02381,0.11905,0.19048,0,0,0,0,0.07143,0,0,0,0,0.04688,0,0,0.48438,0.10938,0.21875,0,0,0,0,0.14063,0,0.45,0,0,0.05,0,0.025,0.075,0.35,0,0.05,0,0,0,0,0,0,0,0,0.02857,0.01429,0.05714,0.08571,0.71429,0.1,0,0,0,0,0,0,0,0,0.41667,0,0,0,0,0.16667,0.04167,0.04167,0,0,0,0.08333,0.125,0,0,0,0,0,0,0,0,0,0,0,0,0,0,0.08333,0,0,0,0,0,0,0,0,0,0.04167,0,0,0,0,0,0,0,0.07692,0.23077,0.11538,0.03846,0.42308,0.07692,0,0,0,0,0.03846,0,0,0.125,0,0,0.3125,0,0,0,0.0625,0,0,0.1875,0.125,0,0.1875,0,0,0,0,0,0,0,0,0,0
CAT,0.5,0,0,0.5,0,0,0,0,0,0,0,1,0,0,0.5,0.5,0,0,0,0,0,0,0,0,0,0,0,0,0,0,0,0,0,0,0,0,0,0,0,0,0.5,0,0.5,0,0,0,0,0,0,0.5,0,0,0,0,0,0,0.5,0,0,0,0,0,0,0,0,0,0,0,0,0,0,1,0,0,0,0,0,0,0,0,0,0,0,0,0,0.5,0,0,0,0.5,0,0,0,0,0,0,0,0,0,0,0,0,0,0,0,0,0,0,0,0,0,0,0,0,0,0,0,0,0,0,0,0,0,0,0,0,0.5,0,0.5,0,0,0,0,0,0,0,0,0,0,0,0,0,0,0,0,0,0,0,1,0,0,0,0,0,0,0,0,0,0,0,0,0,0
CFR,0.075,0,0.375,0,0.45,0,0,0,0.075,0.025,0,0.525,0.475,0,0,0.5,0.1,0,0,0,0,0,0,0.025,0,0,0,0.375,0,0,0,0,0,0,0,0,0,0,0,0,0.425,0,0.5,0,0.075,0,0,0,0,0.525,0,0,0,0,0,0,0.1,0,0.375,0,0,0,0,0,0,0,0,0.025,0,0.1,0.4,0.475,0,0,0,0,0,0,0,0,0,0,0,0,0,0.05263,0,0,0.05263,0,0,0.39474,0,0,0,0,0,0,0,0,0,0,0,0,0,0,0,0.39474,0.10526,0,0,0,0,0,0,0,0,0,0,0,0,0,0.375,0,0,0,0.025,0,0.575,0.025,0,0,0,0,0,0,0,0,0,0,0,0,0,0,0,0,0,0,0,0,0,0,0,0,0,0,0,0,0,0,0,0,0
COL,0,0,0.71875,0,0.28125,0,0,0,0,0,0,1,0,0,0.47778,0.44444,0,0,0,0,0,0,0,0.01111,0,0,0.01111,0.05556,0,0,0,0,0,0,0,0,0,0,0,0,0.01064,0,0.23404,0,0.47872,0,0,0.2766,0,0.05208,0,0,0.01042,0,0,0.1875,0.01042,0,0,0,0.73958,0,0,0,0,0,0,0.02083,0,0.03125,0.75,0.19792,0,0,0,0,0,0,0,0,0,0,0,0,0,0.72826,0,0.02174,0.02174,0.22826,0,0,0,0,0,0,0,0,0,0,0,0,0,0,0,0,0,0,0,0,0,0,0,0,0,0,0,0,0,0,0,0,0,0,0,0,0,0,1,0,0,0,0,0,0,0,0,0,0,0,0,0,0,0,0.21875,0,0,0.04167,0,0.73958,0,0,0,0,0,0,0,0,0,0,0,0,0
ER2,0.5,0,0.5,0,0,0,0,0,0,0,0,1,0,0,0.55,0.05,0.4,0,0,0,0,0,0,0,0,0,0,0,0,0,0,0,0,0,0,0,0,0,0,0,0,1,0,0,0,0,0,0,0,0.95,0,0,0,0,0,0,0,0.05,0,0,0,0,0,0,0,0,0,0,0,0.5,0.5,0,0,0,0,0,0,0,0,0,0,0,0,0,0,0,0,0,0,0,0,0,0,0,0,0.5,0,0,0,0,0,0,0,0,0,0,0,0,0,0.5,0,0,0,0,0,0,0,0,0,0,0,0,0.5,0,0,0,0,0,0,0.41667,0.08333,0,0,0,0,0,0,0,0,0,0,0,0,0,0,0,0,0,1,0,0,0,0,0,0,0,0,0,0,0,0,0,0
EUT,0.95455,0,0.01515,0.0303,0,0,0,0,0,0,0,0.63636,0.36364,0,0.14815,0.35185,0.09259,0,0,0,0,0,0,0.05556,0,0,0.09259,0.07407,0.01852,0.16667,0,0,0,0,0,0,0,0.13333,0,0,0.01667,0.46667,0.23333,0.06667,0.06667,0,0,0,0.01667,0,0,0,0.05882,0,0,0,0,0.35294,0,0.44118,0.14706,0,0,0,0,0,0,0,0,0.1129,0.43548,0.37097,0.01613,0.06452,0,0,0,0,0,0.05,0,0,0,0,0,0,0,0,0.05,0,0,0,0,0.01667,0,0,0,0,0,0,0,0,0,0,0,0,0.25,0.08333,0.05,0.11667,0.01667,0.08333,0,0,0.11667,0.01667,0.08333,0.05,0.01667,0,0,0,0,0,0,0,0.31818,0.01515,0.18182,0.10606,0.18182,0.15152,0.04545,0,0,0,0,0,0,0,0,0,0,0.125,0,0,0.0625,0.375,0,0,0.0625,0.125,0.0625,0.1875,0,0,0,0,0,0,0,0,0
FCP,1,0,0,0,0,0,0,0,0,0,0,1,0,0,0,1,0,0,0,0,0,0,0,0,0,0,0,0,0,0,0,0,0,0,0,0,0,0,0,0,1,0,0,0,0,0,0,0,0,0.25714,0,0,0,0,0,0,0.51429,0.22857,0,0,0,0,0,0,0,0,0,0,0.12857,0.37143,0,0.37143,0,0,0,0.12857,0,0,0,0,0,0.28788,0,0.0303,0,0,0,0,0,0,0,0,0,0,0,0,0,0,0,0.18182,0,0,0,0,0,0,0,0,0,0.21212,0,0,0,0,0,0,0.28788,0,0,0,0,0,0,0,0,0,0.03125,0.28125,0.1875,0.1875,0,0,0.28125,0,0.03125,0,0,0,0,0,0,0,0.21154,0,0,0,0,0,0.48077,0,0,0.07692,0.21154,0,0,0,0,0,0.01923,0,0,0,0
LCC,0.16667,0,0.52778,0,0,0.27778,0.02778,0,0,0,0,0.77778,0.22222,0,0.26471,0.11765,0,0,0,0,0,0,0,0.02941,0,0,0.14706,0.29412,0.02941,0.05882,0,0,0.05882,0,0,0,0,0,0,0,0.28571,0.14286,0.35714,0,0,0,0,0.21429,0,0.56818,0,0,0.29545,0,0.02273,0.04545,0,0,0,0.06818,0,0,0,0,0,0,0.02941,0,0,0,0.38235,0.58824,0,0,0,0,0,0,0,0,0,0,0,0.06667,0,0.13333,0,0.2,0.03333,0,0,0,0,0,0,0,0,0,0,0,0,0,0,0,0,0,0,0,0.56667,0,0,0,0,0,0,0,0,0,0,0,0,0,0.03333,0,0,0,0,0.16667,0.23333,0.13333,0.06667,0.3,0.06667,0,0,0,0,0,0,0,0,0,0,0,0,0,0,0,0,0,0,0,0,0,0,0,0,0,0,0,0,0,0
LIL,0.19565,0,0.67391,0,0,0.13043,0,0,0,0,0,0.64286,0.35714,0,0.16667,0.30952,0,0,0,0,0,0,0.02381,0.16667,0,0,0.02381,0.28571,0,0,0,0,0.02381,0,0,0,0,0.07143,0,0,0.07143,0.14286,0.46429,0.07143,0.07143,0,0,0.10714,0,0.6087,0,0,0.28261,0,0.06522,0,0,0,0,0,0.04348,0,0,0,0,0,0,0.21053,0,0.39474,0.21053,0.15789,0,0.02632,0,0,0,0.29412,0,0,0,0,0,0,0,0.35294,0.11765,0.02941,0,0.02941,0.02941,0,0,0,0,0,0,0,0,0,0,0,0,0,0.02941,0,0,0,0.11765,0,0,0,0,0,0,0,0,0,0,0,0,0,0.02273,0,0,0,0.02273,0.02273,0.59091,0.02273,0.25,0,0.02273,0.04545,0,0,0,0,0,0,0,0,0,0,0,0,0,0,0,0,0,0,0,0,0,0,0,0,0,0,0,0,0
PCB,0.97872,0.02128,0,0,0,0,0,0,0,0,0,1,0,0,0,0,0,0,0,0,0,0,0,0,0,0.20213,0.58511,0.21277,0,0,0,0,0,0,0,0,0,0.30851,0,0,0.01064,0.45745,0,0.20213,0,0,0,0.02128,0,0.98936,0,0,0,0,0,0,0,0,0.01064,0,0,0,0,0,0,0,0,0,0.01064,0.30851,0,0.41489,0.26596,0,0,0,0,0,0,0,0,0,0,0,0,0,0,0,0,0,0,0,0,0,0,0,0,0,0,0,0,0,0,0,0,0.03125,0,0,0.04167,0.85417,0,0.01042,0.0625,0,0,0,0,0,0,0,0,0,0,0,0,0,0.82292,0.03125,0.11458,0,0.02083,0,0.01042,0,0,0,0,0,0,0,0,0,0,0,0,0,0,0,0,0,0.60526,0.39474,0,0,0,0,0,0,0,0,0,0,0
PET,0.30435,0,0.69565,0,0,0,0,0,0,0,0,0.85417,0.14583,0,0.02273,0.70455,0.15909,0,0,0,0,0,0,0.11364,0,0,0,0,0,0,0,0,0,0,0,0,0,0,0,0,0.17391,0,0.32609,0.02174,0.3913,0.08696,0,0,0,0.58696,0,0,0,0,0.02174,0,0.23913,0.06522,0.02174,0,0.06522,0,0,0,0,0,0,0,0,0.08333,0.47917,0.4375,0,0,0,0,0,0,0,0,0,0,0,0,0,0.20588,0.05882,0,0,0,0.55882,0.02941,0.11765,0,0,0,0,0,0,0,0,0,0,0,0,0,0,0,0,0,0,0,0,0,0,0,0.02941,0,0,0,0,0,0.23529,0,0,0,0,0.05882,0.20588,0.32353,0,0,0.17647,0,0,0,0,0,0,0,0,0,0,0,0,0,0,0,0,0,0,0,0,0,0,0,0,0,0,0,0,0,0
SAL,0.4,0,0.45,0.06667,0.03333,0.05,0,0,0,0,0,0.875,0.125,0,0.55,0.26667,0.06667,0,0,0,0,0,0,0.01667,0,0,0,0.08333,0,0,0,0,0.01667,0,0,0,0,0,0,0,0.16071,0.5,0.26786,0,0,0,0,0.07143,0,0.625,0,0,0.08929,0,0,0,0.21429,0,0.05357,0.01786,0,0,0,0,0,0,0,0,0,0,0.55357,0.33929,0.07143,0.03571,0,0,0,0,0,0,0,0,0,0,0.10714,0,0.03571,0.03571,0.08929,0,0,0.01786,0,0,0,0,0,0,0,0.07143,0,0,0,0,0,0,0,0.5,0.05357,0,0.08929,0,0,0,0,0,0,0,0,0,0,0,0.3,0,0,0,0,0,0.61667,0.08333,0,0,0,0,0,0,0,0,0,0,0,0,0.09615,0,0,0,0.03846,0.15385,0.46154,0,0.25,0,0,0,0,0,0,0,0,0,0,0,0
SHE,0.15217,0,0,0,0.84783,0,0,0,0,0,0,0.95833,0.04167,0,0.5,0.5,0,0,0,0,0,0,0,0,0,0,0,0,0,0,0,0,0,0,0,0,0,0.1,0,0,0,0.2,0.675,0,0,0,0,0.025,0,0,0,0,0.05556,0,0,0.94444,0,0,0,0,0,0,0,0,0,0,0,0.35417,0,0.02083,0.10417,0.3125,0.20833,0,0,0,0,0,0,0,0,0,0,0,0,0,0,0.34783,0,0,0,0,0,0,0,0,0,0,0,0,0,0,0,0,0,0,0,0.02174,0.15217,0,0,0,0,0,0.30435,0,0,0,0.17391,0,0,0,0,0,0,0,0.14583,0.54167,0.3125,0,0,0,0,0,0,0,0,0,0,0,0,0,0,0,0,0,0,0,0,1,0,0,0,0,0,0,0,0,0,0,0,0,0
STO,0.5,0,0.5,0,0,0,0,0,0,0,0,0.25,0.75,0,0.3,0.2,0,0,0,0,0,0,0.2,0.2,0,0,0.1,0,0,0,0,0,0,0,0,0,0,0.33333,0,0,0.16667,0.33333,0,0.16667,0,0,0,0,0,0.8125,0,0,0,0,0,0,0.0625,0,0,0,0.125,0,0,0,0,0,0,0.1,0,0.5,0.2,0.2,0,0,0,0,0,0,0,0,0,0,0,0.125,0.125,0,0.75,0,0,0,0,0,0,0,0,0,0,0,0,0,0,0,0,0,0,0,0,0,0,0,0,0,0,0,0,0,0,0,0,0,0,0,0,0,0,0,0,0,0.75,0,0.25,0,0,0,0,0,0,0,0,0,0,0,0,0,0,0,0,0,0,0,0,0,0,0,0,0,0,0,0,0,0,0,0
TAL,0.47917,0,0,0,0.35417,0.16667,0,0,0,0,0,0.66667,0.33333,0,0.14583,0,0.04167,0,0,0,0,0,0,0,0,0,0,0.8125,0,0,0,0,0,0,0,0,0,0.47917,0,0,0,0.47917,0.02083,0,0,0,0,0.02083,0,0,0,0,1,0,0,0,0,0,0,0,0,0,0,0,0,0,0,0,0,0.02083,0.33333,0.14583,0.5,0,0,0,0,0,0,0,0,0,0,0,0,0,0,0,0,0,0.14583,0,0,0,0,0,0,0,0,0,0,0,0,0,0,0,0,0,0.83333,0,0,0,0.02083,0,0,0,0,0,0,0,0,0,0,0,0,0,0,0.14583,0.83333,0.02083,0,0,0,0,0,0,0,0,0,0,0,0,0,0,0,0,0,0.34783,0,0,0,0.65217,0,0,0,0,0,0,0,0,0,0,0
TER,0.14706,0,0.38235,0.10294,0,0.32353,0.04412,0,0,0,0,0.80952,0.19048,0,0,0.025,0.15,0,0,0,0,0,0,0.1,0,0,0,0.475,0.15,0.1,0,0,0,0,0,0,0,0.13158,0,0,0.10526,0,0.44737,0.10526,0,0,0,0.21053,0,0.1875,0,0,0.67188,0,0,0,0,0.10938,0.03125,0,0,0,0,0,0,0.02941,0,0.14706,0,0.41176,0.08824,0.32353,0,0,0,0,0,0,0,0,0,0,0.16667,0,0.16667,0.16667,0.02381,0,0.19048,0.11905,0,0,0,0,0,0,0,0,0,0,0,0,0,0,0,0,0,0,0.04762,0.11905,0,0,0,0,0,0,0,0,0,0,0,0,0,0,0.05,0,0,0.275,0.025,0.275,0.275,0,0.1,0,0,0,0,0,0,0,0,0,0,0,0,0,0,0,0,0,0,0,0,0,0,0,0,0,0,0,0,0,0
WBF,0.47674,0,0.13953,0.03488,0,0.32558,0,0,0,0.02326,0,0.66667,0.33333,0,0.16667,0.30952,0.09524,0,0,0,0,0,0,0.04762,0,0,0.32143,0,0.03571,0,0,0,0.02381,0,0,0,0,0,0,0,0,0.13095,0.03571,0.57143,0.2381,0.02381,0,0,0,0.40476,0,0,0.02381,0,0.03571,0,0.15476,0.15476,0.19048,0.03571,0,0,0,0,0,0.025,0,0.025,0,0.4,0.225,0.275,0.05,0,0,0,0,0.05814,0.01163,0.02326,0,0,0,0.05814,0.27907,0,0,0,0.02326,0,0.05814,0,0,0,0,0,0,0,0,0,0,0,0,0,0.10465,0.11628,0.03488,0,0.09302,0,0,0,0,0.01163,0,0,0,0.01163,0,0.11628,0,0,0,0,0.16667,0,0,0.0119,0.02381,0.59524,0.07143,0.09524,0.03571,0,0,0,0,0,0,0,0,0,0,0,0,0,0,0,0,0,0,0,0,0,0,0,0,0,0,0,0,0,0
BCL,0.34884,0,0.25581,0,0.03488,0.30233,0.05814,0,0,0,0,0.57447,0.42553,0,0,0.84884,0.13953,0.01163,0,0,0,0,0,0,0,0,0,0,0,0,0,0,0,0,0,0,0.02083,0,0,0,0.16667,0.21875,0.34375,0.0625,0.16667,0.02083,0,0,0,0.0625,0,0,0,0,0.19792,0,0.14583,0.21875,0.15625,0.13542,0.08333,0,0,0,0,0,0,0.18478,0,0.03261,0.28261,0.1413,0,0.33696,0.02174,0,0,0,0,0,0,0,0.02128,0.18085,0.02128,0.18085,0,0.04255,0,0.02128,0,0,0,0,0.01064,0.04255,0,0,0,0,0,0,0,0,0,0,0,0.11702,0.07447,0.06383,0.01064,0.11702,0,0.03191,0,0.01064,0.01064,0.01064,0,0.03191,0,0,0.12222,0,0,0,0.07778,0.06667,0.01111,0.45556,0.08889,0.05556,0.12222,0,0,0,0,0,0,0,0,0.10976,0,0,0.02439,0,0.09756,0.02439,0,0.12195,0.09756,0.15854,0.15854,0.04878,0.03659,0.09756,0,0.0122,0,0,0.0122,0,0
CAD,0.16667,0,0.41667,0,0,0.41667,0,0,0,0,0,0.43421,0.56579,0,0,0.95455,0.04545,0,0,0,0,0,0,0,0,0,0,0,0,0,0,0,0,0,0,0,0,0,0,0,0.13889,0,0.48611,0.36111,0,0.01389,0,0,0,0.45833,0.02778,0,0,0,0,0,0,0.01389,0,0.5,0,0,0,0,0,0,0,0,0,0.5,0.16667,0.31944,0.01389,0,0,0,0,0,0,0,0,0.59211,0,0.05263,0,0,0,0,0,0,0,0,0.35526,0,0,0,0,0,0,0,0,0,0,0,0,0,0,0,0,0,0,0,0,0,0,0,0,0,0,0,0,0,0,0,0,0,0,0,0.12821,0.52564,0.03846,0,0,0.30769,0,0,0,0,0,0,0,0.125,0,0,0,0,0,0,0.18056,0.01389,0.04167,0,0,0,0.63889,0,0,0,0,0,0,0,0
HAM,0,0,0.05319,0.5,0.44681,0,0,0,0,0,0,0.55319,0.44681,0,0,0.10638,0.44681,0.44681,0,0,0,0,0,0,0,0,0,0,0,0,0,0,0,0,0,0,0,0,0,0,0.44681,0,0.05319,0.5,0,0,0,0,0,0,0,0,0,0,0.44681,0,0.44681,0,0.05319,0,0.05319,0,0,0,0,0,0,0,0,0,0,0.55319,0,0.44681,0,0,0,0,0,0,0,0,0,0,0.44681,0,0,0,0,0,0.05319,0,0,0.44681,0,0,0,0,0,0,0,0,0,0,0,0,0,0,0,0,0,0,0,0,0,0,0,0,0.05319,0,0,0,0.44681,0,0,0,0,0,0,0.05319,0.05319,0,0.44681,0,0,0,0,0,0,0,0,0,0,0,0,0,0,0,0.44681,0,0,0,0.44681,0,0.10638,0,0,0,0,0,0,0,0
HEM,0,0,0.5,0,0,0.025,0.475,0,0,0,0,0.98718,0.01282,0,0,1,0,0,0,0,0,0,0,0,0,0,0,0,0,0,0,0,0,0,0,0,0,0,0,0,0.4875,0,0.0125,0.5,0,0,0,0,0,0.5,0,0,0,0,0.475,0,0,0,0,0.025,0,0,0,0,0,0,0,0,0,0.0125,0.4875,0.0125,0.4875,0,0,0,0,0,0,0,0,0,0,0,0.48684,0,0,0,0,0.48684,0,0,0.02632,0,0,0,0,0,0,0,0,0,0,0,0,0,0,0,0,0,0,0,0,0,0,0,0,0,0,0,0,0,0,0,0,0,0,0,0.075,0.4625,0,0.45,0,0.0125,0,0,0,0,0,0,0,0,0,0,0,0,0,0,0.48718,0,0.48718,0,0,0,0,0,0.02564,0,0,0,0,0,0
LEE,0.43478,0,0.26087,0.02174,0,0,0.28261,0,0,0,0,0.70833,0.29167,0,0,0.52083,0.47917,0,0,0,0,0,0,0,0,0,0,0,0,0,0,0,0,0,0,0,0.04348,0,0,0,0.47826,0.26087,0.08696,0.02174,0.1087,0,0,0,0,0.08333,0,0,0,0.0625,0.04167,0,0.02083,0.02083,0.14583,0.60417,0.02083,0,0,0,0,0,0,0.02174,0,0.26087,0.41304,0.21739,0,0.08696,0,0,0,0,0,0,0,0.15217,0.08696,0.1087,0,0.1087,0,0.08696,0,0.02174,0,0,0,0,0,0,0,0,0,0,0,0,0,0,0,0,0,0.06522,0,0.1087,0,0,0,0.08696,0,0,0.06522,0,0.04348,0.06522,0,0,0.125,0,0,0.08333,0,0,0.25,0.20833,0.02083,0.16667,0.125,0,0.02083,0,0,0,0,0,0,0.0625,0,0.08333,0.02083,0,0,0,0.14583,0.14583,0.29167,0,0.02083,0.0625,0.16667,0,0,0,0,0,0,0,0
MS1,0,0,0,0,0.5,0,0.5,0,0,0,0,0.5,0.5,0,0,1,0,0,0,0,0,0,0,0,0,0,0,0,0,0,0,0,0,0,0,0,0,0,0,0,0.52083,0,0.33333,0,0,0.14583,0,0,0,0,0,0,0,0,0.89583,0,0,0.10417,0,0,0,0,0,0,0,0,0,0.5,0,0,0.5,0,0,0,0,0,0,0,0,0,0,0,0,1,0,0,0,0,0,0,0,0,0,0,0,0,0,0,0,0,0,0,0,0,0,0,0,0,0,0,0,0,0,0,0,0,0,0,0,0,0,0,0,0,0,0,0.5,0,0,0.1087,0,0,0.3913,0,0,0,0,0,0,0,0,0.5,0,0,0,0,0,0,0,0,0,0.5,0,0,0,0,0,0,0,0,0,0,0
MS2,0,0,0,0,0,0.5,0.5,0,0,0,0,1,0,0,0,0.5,0,0,0,0,0,0.5,0,0,0,0,0,0,0,0,0,0,0,0,0,0,0,0,0,0,0.5,0,0,0,0,0.5,0,0,0,0,0,0,0,0,0,0,0.5,0,0.5,0,0,0,0,0,0,0,0,0,0,1,0,0,0,0,0,0,0,0,0,0,0,0,0,0,0,0,0,0,0,0,0.5,0,0,0,0,0,0,0,0,0,0,0,0,0,0,0,0,0,0,0,0.5,0,0,0,0,0,0,0,0,0,0,0,0,0,0,0,0,1,0,0,0,0,0,0,0,0,0,0,0,0,0,0.5,0,0,0,0,0.5,0,0,0,0,0,0,0,0,0,0,0,0,0,0,0,0
NAG,0.72414,0,0.27586,0,0,0,0,0,0,0,0,0.25,0.75,0,0,0.51852,0,0,0,0,0,0,0,0,0,0,0,0,0,0,0,0,0.48148,0,0,0,0,0,0,0,0,0,0,0,0,0,0,0,0,0.75926,0,0,0,0,0,0,0,0,0,0.24074,0,0,0,0,0,0,0,0.22222,0,0.03704,0,0.48148,0.25926,0,0,0,0,0,0,0,0,0,0,0,0,0,0,0,0,0,0,0,0,0,0,0,0,0,0,0,0,0,0,0,0,0,0.23214,0,0,0.53571,0.23214,0,0,0,0,0,0,0,0,0,0,0,0,0,0,0,0,0,0,1,0,0,0,0,0,0,0,0,0,0,0,0,0,0,0,0,0,0.21429,0.28571,0,0.28571,0.21429,0,0,0,0,0,0,0,0,0,0,0
SAN,1,0,0,0,0,0,0,0,0,0,0,0.5,0.5,0,0,0.5,0.5,0,0,0,0,0,0,0,0,0,0,0,0,0,0,0,0,0,0,0,0,0,0,0,0,0.5,0,0.5,0,0,0,0,0,0,0,0,0,0,0.5,0,0.5,0,0,0,0,0,0,0,0,0,0,0.5,0,0,0.5,0,0,0,0,0,0,0,0,0,0,0,0,0,0,0,0,0,0,0,0,0,0,0,0,0,0.5,0,0,0,0,0,0,0,0,0,0,0,0,0,0.5,0,0,0,0,0,0,0,0,0,0,0,0,0.5,0,0,0,0,0,0.5,0,0,0,0,0,0,0,0,0,0,0,0,0,0,0,0,0,0,0,0,0,0,0,0,0,0,0,0,0,1,0,0,0
TUN,0.47619,0,0.19048,0.2619,0,0.07143,0,0,0,0,0,0.075,0.925,0,0,0.775,0.225,0,0,0,0,0,0,0,0,0,0,0,0,0,0,0,0,0,0,0,0.07692,0,0,0,0,0,0.26923,0.23077,0.26923,0,0.15385,0,0,0.175,0,0,0,0.175,0.125,0,0.15,0.025,0.1,0.05,0.075,0.125,0,0,0,0,0,0.05263,0,0,0.10526,0.57895,0,0,0.26316,0,0,0,0,0,0,0,0.175,0.225,0,0,0.125,0,0,0,0,0,0,0,0.175,0,0,0,0,0,0,0,0,0,0,0,0,0.05,0,0,0,0.25,0,0,0,0,0,0,0,0,0,0,0.025,0,0,0,0,0.125,0,0.175,0.275,0.05,0.175,0,0,0.175,0,0,0,0,0,0,0.175,0,0,0,0,0,0.025,0,0.35,0.125,0,0,0.225,0,0.1,0,0,0,0,0,0
WDP,0.51852,0,0.48148,0,0,0,0,0,0,0,0,1,0,0,0,0.2963,0.7037,0,0,0,0,0,0,0,0,0,0,0,0,0,0,0,0,0,0,0,0,0,0,0,0.03704,0,0.83333,0.12963,0,0,0,0,0,0.12963,0,0,0,0,0,0,0.35185,0.03704,0.48148,0,0,0,0,0,0,0,0,0,0,0.01852,0.48148,0.5,0,0,0,0,0.01852,0,0,0,0,0.35185,0,0.61111,0,0,0,0,0,0,0,0,0,0,0,0,0,0,0,0,0,0,0,0,0.01852,0,0,0,0,0,0,0,0,0,0,0,0,0,0,0,0,0,0,0,0.03704,0,0,0,0.12963,0.35185,0.12963,0.35185,0,0,0,0,0,0,0,0,0,0,0,0.05,0,0,0,0,0,0,0,0,0,0.95,0,0,0,0,0,0,0,0,0
BLU,0.4,0,0.4,0,0.06,0.14,0,0,0,0,0,0.58,0.42,0,0,0.32,0.68,0,0,0,0,0,0,0,0,0,0,0,0,0,0,0,0,0,0,0,0.08,0,0,0,0.6,0.14,0.12,0.02,0.04,0,0,0,0,0.16,0,0,0.24,0,0,0,0,0.12,0.22,0.26,0,0,0,0,0,0,0,0,0,0.14,0.72,0.02,0,0.12,0,0,0,0,0,0,0,0.6087,0.23913,0.08696,0.06522,0,0,0,0,0,0,0,0,0,0,0,0,0,0,0,0,0,0,0,0,0,0,0,0,0,0,0,0,0,0,0,0,0,0,0,0,0,0,0,0,0,0,0,0,0,0,0,0,0,0,0,0,0,0,0,0,0,0,0,0,1,0,0,0,0,0,0,0,0,0,0,0,0,0,0,0,0,0
BSF,0.575,0,0,0.05,0.175,0.15,0.05,0,0,0,0,0.43478,0.56522,0,0,0.97826,0.02174,0,0,0,0,0,0,0,0,0,0,0,0,0,0,0,0,0,0,0,0.04545,0,0,0,0.36364,0.15909,0.13636,0,0.27273,0,0,0,0.02273,0.06522,0,0,0,0,0,0,0.02174,0.19565,0.56522,0.13043,0.02174,0,0,0,0,0,0,0.32609,0,0.04348,0.28261,0.19565,0,0.15217,0,0,0,0,0,0,0,0.08696,0,0.17391,0.02174,0,0,0,0,0.13043,0,0.02174,0.02174,0,0.02174,0,0,0,0,0,0,0,0.04348,0,0,0,0.13043,0.21739,0.02174,0,0.1087,0,0,0,0,0,0,0,0,0,0,0,0,0,0,0,0,0,0,0,0,0,0,0,0,0,0,0,0,0,0,0,0,0,0,0,0.21429,0,0,0,0.28571,0.07143,0.35714,0,0,0,0.07143,0,0,0,0,0,0
HOL,0.7,0,0.3,0,0,0,0,0,0,0,0,0.5,0.5,0,0,0.95,0.05,0,0,0,0,0,0,0,0,0,0,0,0,0,0,0,0,0,0,0,0,0,0,0,0.45,0,0.25,0,0.3,0,0,0,0,0,0,0,0,0,0,0,0,0,0.75,0.25,0,0,0,0,0,0,0,0.3,0,0.05,0.15,0.4,0.1,0,0,0,0,0,0,0,0,0.1,0,0.1,0.05,0,0.15,0,0.15,0,0.05,0,0,0.05,0,0,0,0,0,0,0,0,0.05,0,0,0,0,0.05,0.15,0.05,0.05,0,0,0,0,0,0,0,0,0,0,0,0,0,0,0,0,0,0,0,0,0,0,0,0,0,0,0,0,0,0,0.125,0,0,0,0,0.3125,0,0,0.125,0.0625,0.125,0,0,0.25,0,0,0,0,0,0,0,0
LAW,0.5,0,0.48333,0,0.01667,0,0,0,0,0,0,0.98276,0.01724,0,0,0.98333,0,0.01667,0,0,0,0,0,0,0,0,0,0,0,0,0,0,0,0,0,0,0,0,0,0,0.26786,0.71429,0.01786,0,0,0,0,0,0,0,0,0,0,0,0.35,0,0,0.15,0.46667,0.03333,0,0,0,0,0,0,0,0.44828,0,0,0.31034,0.24138,0,0,0,0,0,0,0,0,0,0,0,0,0.58333,0.2,0,0,0.01667,0,0,0,0,0,0.01667,0,0,0,0,0,0,0,0,0,0,0,0,0,0.01667,0,0,0,0,0,0,0.16667,0,0,0,0,0,0,0,0,0,0,0,0,0,0,0,0,0,0,0,0,0,0,0,0,0,0.01724,0,0,0,0,0.01724,0,0.2931,0.03448,0.62069,0,0,0.01724,0,0,0,0,0,0,0,0,0
MLK,0.5,0,0.5,0,0,0,0,0,0,0,0,0.54167,0.45833,0,0,1,0,0,0,0,0,0,0,0,0,0,0,0,0,0,0,0,0,0,0,0,0.04167,0,0,0,0.45833,0,0.5,0,0,0,0,0,0,0.04167,0,0,0,0,0,0,0,0.45833,0,0.5,0,0,0,0,0,0,0,0.5,0,0.45833,0,0.04167,0,0,0,0,0,0,0,0,0,0,0,0,0,0.04167,0,0,0,0,0,0,0,0,0,0,0,0,0.5,0,0,0,0,0,0,0,0,0,0,0,0.45833,0,0,0,0,0,0,0,0,0,0,0,0,0,0,0,0,0,0,0,0,0,0,0,0,0,0,1,0,0,0,0,0,0,0,0,0,0,0,0,0,0,0,0,0,0,0,0,0,0,0,0,0
MWR,0.28,0,0.18,0,0.48,0.04,0.02,0,0,0,0,0.98,0.02,0,0,1,0,0,0,0,0,0,0,0,0,0,0,0,0,0,0,0,0,0,0,0,0.02,0,0,0,0.46,0.2,0.02,0.28,0,0.02,0,0,0,0.04,0,0,0,0,0.02,0.18,0.42,0.04,0.26,0.04,0,0,0,0,0,0,0,0.04,0,0.02,0.62,0.08,0,0.24,0,0,0,0,0,0,0,0.02,0,0.02,0,0.02,0.46,0,0,0,0,0,0,0.2,0,0,0,0,0,0,0,0,0,0,0,0,0,0,0.02,0,0,0,0,0,0,0,0,0,0,0.12,0,0.14,0,0,0,0,0,0,0,0,0,0,0,0,0,0,0,0,0,0,0,0,0,0.04167,0,0,0,0.04167,0,0,0,0,0,0.83333,0.08333,0,0,0,0,0,0,0,0
PIA,0,0,0.5,0,0.5,0,0,0,0,0,0,1,0,0,0,1,0,0,0,0,0,0,0,0,0,0,0,0,0,0,0,0,0,0,0,0,0,0,0,0,1,0,0,0,0,0,0,0,0,0.5,0,0,0,0,0,0,0,0,0.5,0,0,0,0,0,0,0,0,0,0,0,0.5,0.5,0,0,0,0,0,0,0,0,0,0,0,0,0,0,0,0,0,0,0,0,0,0,0,0,0,0,0,0,0,0,0,0,0,0,0,0,0,0,0,0,0,0,0,0,0,0,1,0,0,0,0,0,0,0,0.5,0,0.5,0,0,0,0,0,0,0,0,0,0,0,0,0,0,0,0,0,0,0,0,0,0,0,0,0,0,0,0,0,0,0,0,0,1
PMQ,0.58475,0,0,0,0,0.41525,0,0,0,0,0,0.63333,0.36667,0,0,0.72034,0.27966,0,0,0,0,0,0,0,0,0,0,0,0,0,0,0,0,0,0,0,0.36441,0,0,0,0.41525,0.08475,0.13559,0,0,0,0,0,0,0,0,0,0,0,0,0,0,0.15254,0.84746,0,0,0,0,0,0,0,0,0,0,0.13333,0.01667,0,0,0.85,0,0,0,0,0,0,0,0,0,0.01695,0.4322,0.00847,0.33898,0,0,0,0,0,0,0,0,0,0,0,0,0,0,0,0.13559,0,0,0,0,0,0,0.0678,0,0,0,0,0,0,0,0,0,0,0,0,0.0678,0,0,0,0.13559,0,0.44915,0.34746,0,0,0,0,0,0,0,0,0,0,0,1,0,0,0,0,0,0,0,0,0,0,0,0,0,0,0,0,0,0,0,0,0
WES,0.33333,0.16667,0.45238,0.02381,0,0.02381,0,0,0,0,0,0.28571,0.71429,0,0,0.97727,0,0.02273,0,0,0,0,0,0,0,0,0,0,0,0,0,0,0,0,0,0,0.02273,0,0,0,0.47727,0.22727,0.02273,0.04545,0,0.20455,0,0,0,0.27273,0,0,0,0,0.15909,0,0.02273,0.13636,0.18182,0.18182,0,0.04545,0,0,0,0,0,0.15909,0,0,0.5,0.31818,0.02273,0,0,0,0,0,0,0,0,0,0,0.38636,0.02273,0.29545,0.02273,0,0,0,0,0,0,0,0.15909,0,0,0,0,0,0,0,0.09091,0,0,0,0,0,0,0,0,0,0,0,0,0,0,0,0,0.02273,0,0,0.20455,0,0,0,0,0.02273,0.18182,0.04545,0.02273,0.09091,0.36364,0.06818,0,0,0,0,0,0,0,0.38889,0,0,0,0,0,0.02778,0,0.38889,0,0.19444,0,0,0,0,0,0,0,0,0,0,0
WSL,0.77273,0,0.04545,0,0.18182,0,0,0,0,0,0,0.77273,0.22727,0,0,0.63636,0.27273,0,0,0,0,0,0,0,0,0,0,0,0.09091,0,0,0,0,0,0,0,0.1875,0,0,0,0.375,0.3125,0.125,0,0,0,0,0,0,0.31818,0,0,0,0,0,0,0.18182,0.09091,0.13636,0.18182,0,0.09091,0,0,0,0,0,0.18182,0,0.27273,0.13636,0.40909,0,0,0,0,0,0,0,0,0,0,0.04545,0.27273,0,0.13636,0,0,0,0.22727,0,0,0,0,0,0,0,0.18182,0,0,0,0,0.04545,0,0,0,0,0.09091,0,0,0,0,0,0,0,0,0,0,0,0,0,0,0,0,0,0,0.15,0,0.3,0.15,0.05,0.15,0.15,0.05,0,0,0,0,0,0,0,0,0,0,0,0,0.28571,0,0,0.35714,0,0.14286,0,0.21429,0,0,0,0,0,0,0,0,0
BCB,0.54,0,0.02,0.34,0,0.1,0,0,0,0,0,0.5,0.5,0,0,0,1,0,0,0,0,0,0,0,0,0,0,0,0,0,0,0,0,0,0,0,0,0,0,0,0,0.6,0,0.4,0,0,0,0,0,0.44,0,0,0,0,0,0,0.46,0,0,0.1,0,0,0,0,0,0,0,0.8,0,0,0.2,0,0,0,0,0,0,0,0,0,0,0,0,0,0.08333,0,0,0.41667,0,0,0,0,0,0,0,0,0,0,0,0.5,0,0,0,0,0,0,0,0,0,0,0,0,0,0,0,0,0,0,0,0,0,0,0,0,0,0,0,0,0,0,0,0,0,0,0,0,0,0,0,0,0,0,0.12,0.38,0,0,0.36,0,0,0,0,0,0,0,0,0,0,0,0,0.14,0,0,0
BCP,1,0,0,0,0,0,0,0,0,0,0,0.5,0.5,0,0,1,0,0,0,0,0,0,0,0,0,0,0,0,0,0,0,0,0,0,0,0,0,0,0,0,0.64583,0,0.35417,0,0,0,0,0,0,0,0,0,0,0,0.35417,0,0,0,0,0.5,0,0,0.14583,0,0,0,0,0.88542,0,0.11458,0,0,0,0,0,0,0,0,0,0,0,0,0,0,0.29167,0.35417,0,0,0.35417,0,0,0,0,0,0,0,0,0,0,0,0,0,0,0,0,0,0,0,0,0,0,0,0,0,0,0,0,0,0,0,0,0,0,0,0,0,0,0,1,0,0,0,0,0,0,0,0,0,0,0,0,0,0,0,0,0,0,0,0.5,0,0,0,0,0,0.5,0,0,0,0,0,0,0,0
CCC,0.46154,0,0.17308,0.03846,0.03846,0.25,0,0,0,0.03846,0,1,0,0,0.2,0.35,0.45,0,0,0,0,0,0,0,0,0,0,0,0,0,0,0,0,0,0,0,0,0,0,0,0.375,0.375,0.10417,0.08333,0.0625,0,0,0,0,0,0,0,0,0,0,0,0.02381,0.07143,0.59524,0.11905,0.19048,0,0,0,0,0,0,0.06818,0,0.18182,0.31818,0.43182,0,0,0,0,0,0,0,0,0,0,0,0,0.22917,0,0,0,0,0,0.125,0.0625,0,0,0,0,0,0.0625,0,0,0,0,0,0,0,0,0,0.16667,0.02083,0.3125,0.02083,0,0,0,0,0,0,0,0,0,0,0,0,0,0,0,0,0.11538,0.21154,0.44231,0.15385,0.07692,0,0,0,0,0,0,0,0.16667,0.27778,0,0,0,0,0,0,0,0,0,0.11111,0.05556,0,0.27778,0,0,0.11111,0,0,0,0,0,0
CHR,0.25,0,0.08333,0,0.26667,0.36667,0.03333,0,0,0,0,1,0,0,0,0.8,0.2,0,0,0,0,0,0,0,0,0,0,0,0,0,0,0,0,0,0,0,0,0,0,0,0.31667,0.26667,0.31667,0.05,0,0,0.05,0,0,0.25,0,0,0,0,0.02273,0,0.09091,0.11364,0.09091,0.43182,0,0,0,0,0,0,0,0.56667,0,0.2,0.18333,0.05,0,0,0,0,0,0,0,0,0,0,0,0.11667,0.18333,0,0.01667,0,0.01667,0,0.03333,0,0.05,0,0,0.01667,0,0,0,0,0,0,0,0,0,0,0,0.25,0.06667,0.06667,0,0,0,0,0,0,0,0.18333,0,0,0,0,0,0,0,0,0.06667,0.15,0.05,0.41667,0.21667,0.1,0,0,0,0,0,0,0,0,0,0,0,0,0,0,0.05556,0,0.05556,0,0.59259,0,0.03704,0.25926,0,0,0,0,0,0,0,0,0
CKW,0.79545,0,0,0,0.20455,0,0,0,0,0,0,0.91667,0.08333,0,0.25,0.025,0,0,0.15,0.025,0,0,0,0,0.375,0,0,0,0,0,0.025,0.025,0.1,0,0,0.025,0.07895,0,0,0,0.13158,0.07895,0.63158,0,0.07895,0,0,0,0,0.58333,0,0,0,0,0.04167,0,0.02083,0,0.25,0.04167,0.0625,0,0,0,0,0,0,0.14583,0,0.5625,0.04167,0.25,0,0,0,0,0,0,0,0,0,0,0,0,0.85417,0.14583,0,0,0,0,0,0,0,0,0,0,0,0,0,0,0,0,0,0,0,0,0,0,0,0,0,0,0,0,0,0,0,0,0,0,0,0,0,0,0,0,0,0.28947,0.05263,0.02632,0,0.63158,0,0,0,0,0,0,0,0,0,0,0,0,0,0,0.03125,0.3125,0.375,0.125,0,0,0.09375,0,0.0625,0,0,0,0,0,0,0,0
DCR,1,0,0,0,0,0,0,0,0,0,0,0.5,0.5,0,0,1,0,0,0,0,0,0,0,0,0,0,0,0,0,0,0,0,0,0,0,0,0,0,0,0,0,1,0,0,0,0,0,0,0,0.5,0,0,0,0,0.5,0,0,0,0,0,0,0,0,0,0,0,0,0,0,1,0,0,0,0,0,0,0,0,0,0,0,0,0,0.5,0,0,0.5,0,0,0,0,0,0,0,0,0,0,0,0,0,0,0,0,0,0,0,0,0,0,0,0,0,0,0,0,0,0,0,0,0,0,0,0,0,0,0,0,0,0,0,0,1,0,0,0,0,0,0,0,0,0,0.5,0,0,0,0,0,0,0,0,0.5,0,0,0,0,0,0,0,0,0,0,0,0
DRP,0.52174,0,0.32609,0,0.06522,0.08696,0,0,0,0,0,0.82609,0.17391,0.09524,0.2619,0.02381,0,0.07143,0.07143,0,0.11905,0,0.11905,0,0,0,0,0,0,0,0,0.14286,0.02381,0.07143,0,0,0,0,0,0,0.6087,0.19565,0.17391,0.02174,0,0,0,0,0,0,0,0,0,0,0.06522,0,0.06522,0.13043,0.26087,0.36957,0.1087,0,0,0,0,0,0,0.67857,0,0.14286,0,0,0,0.17857,0,0,0,0,0,0,0,0,0,0,0.78261,0.21739,0,0,0,0,0,0,0,0,0,0,0,0,0,0,0,0,0,0,0,0,0,0,0,0,0,0,0,0,0,0,0,0,0,0,0,0,0,0,0,0.11905,0,0,0,0.30952,0.02381,0.07143,0.28571,0.19048,0,0,0,0,0,0,0,0.46154,0,0,0,0,0,0.23077,0,0,0.23077,0,0,0.07692,0,0,0,0,0,0,0,0,0
FHM,0.57609,0,0.42391,0,0,0,0,0,0,0,0,0.57447,0.42553,0,0,0.53191,0.46809,0,0,0,0,0,0,0,0,0,0,0,0,0,0,0,0,0,0,0,0,0,0,0,0.03191,0.89362,0.07447,0,0,0,0,0,0,0,0,0,0,0,0.41304,0,0.02174,0.11957,0.41304,0,0,0,0,0.01087,0.02174,0,0,0.46739,0,0.05435,0.43478,0.04348,0,0,0,0,0,0,0,0,0.01064,0,0,0.04255,0,0,0,0,0,0,0.05319,0,0,0,0.89362,0,0,0,0,0,0,0,0,0,0,0,0,0,0,0,0,0,0,0,0,0,0,0,0,0,0,0,0,0,0,0,0,0,0.01087,0.53261,0.43478,0,0.02174,0,0,0,0,0,0,0,0,0,0,0,0,0,0.04444,0,0,0.84444,0,0.02222,0,0.08889,0,0,0,0,0,0,0,0,0
GCR,1,0,0,0,0,0,0,0,0,0,0,0.82609,0.17391,0,0.02083,0.91667,0.0625,0,0,0,0,0,0,0,0,0,0,0,0,0,0,0,0,0,0,0,0,0,0,0,0.125,0.20833,0.66667,0,0,0,0,0,0,0,0,0,0,0,0.0625,0,0,0.66667,0.0625,0.20833,0,0,0,0,0,0,0,0,0,0.4375,0,0.45833,0,0.10417,0,0,0,0,0,0,0,0,0,0.10417,0.33333,0,0,0,0,0,0.0625,0,0,0,0,0,0.01042,0,0,0.10417,0.32292,0,0,0,0,0,0,0,0.0625,0,0,0,0,0,0,0,0,0,0,0,0,0,0,0,0,0,0.33333,0,0.16667,0.5,0,0,0,0,0,0,0,0,0,0,0,0,0,0,0,0,0,0,0,0,0,0,0,0,0,0,0,0,0,0,0,0,0
HPC,0.72917,0,0.125,0,0.0625,0.04167,0.04167,0,0,0,0,0.1875,0.8125,0,0,0.8125,0.1875,0,0,0,0,0,0,0,0,0,0,0,0,0,0,0,0,0,0,0,0,0,0,0,0.3125,0.54167,0.14583,0,0,0,0,0,0,0.1875,0,0,0,0,0.375,0,0,0,0.04167,0.39583,0,0,0,0,0,0,0,0.16,0,0.04,0.08,0.66,0.06,0,0,0,0,0,0,0,0,0,0,0.5,0.11364,0,0.09091,0.04545,0,0,0,0,0,0,0.04545,0,0,0,0,0,0,0,0,0,0,0,0,0,0,0,0.20455,0,0,0,0,0,0,0,0,0,0,0,0,0,0,0,0,0,0,0,0,0,0,0,0,0,0,0,0,0,0,0.27273,0,0,0,0,0,0,0.04545,0.04545,0,0.63636,0,0,0,0,0,0,0,0,0,0,0
KAN,0.22093,0,0.12791,0.09302,0,0.5,0.05814,0,0,0,0,0.74419,0.25581,0,0,1,0,0,0,0,0,0,0,0,0,0,0,0,0,0,0,0,0,0,0,0,0,0,0,0,0.12791,0.27907,0.15116,0.0814,0.22093,0.13953,0,0,0,0.39535,0,0,0.02326,0,0,0,0.16279,0,0.19767,0,0.22093,0,0,0,0,0,0,0.30488,0,0.45122,0.02439,0.21951,0,0,0,0,0,0,0,0,0,0.12195,0,0.13415,0.21951,0.02439,0.12195,0,0,0,0.02439,0.03659,0,0.06098,0,0,0,0,0,0.15854,0,0,0,0,0,0,0,0.09756,0,0,0,0,0,0,0,0,0,0,0,0,0,0,0.09302,0,0,0,0,0,0.32558,0.39535,0.06977,0.11628,0,0,0,0,0,0,0,0,0,0,0,0,0,0,0,0.04651,0.36047,0.02326,0.43023,0,0.13953,0,0,0,0,0,0,0,0,0,0
KNX,0.1,0,0.18,0,0.72,0,0,0,0,0,0,0.96,0.04,0.04,0,0.22,0.28,0,0,0,0,0,0,0,0,0,0,0,0,0,0,0,0.44,0,0.02,0,0,0,0,0,0.06,0.44,0.06,0,0.28,0.16,0,0,0,0,0,0,0,0,0,0,0.64,0,0.28,0,0.08,0,0,0,0,0,0,0,0,0.64,0,0.06,0.3,0,0,0,0,0,0,0,0,0,0,0,0.08,0.88,0,0,0,0,0,0,0,0,0,0,0,0,0,0,0,0.04,0,0,0,0,0,0,0,0,0,0,0,0,0,0,0,0,0,0,0,0,0,0,0,0,0,0,0.91667,0.04167,0,0,0,0.04167,0,0,0,0,0,0,0,0,0,0,0,0,0,0.66667,0.33333,0,0,0,0,0,0,0,0,0,0,0,0,0,0
LHP,0.975,0,0.025,0,0,0,0,0,0,0,0,0.525,0.475,0.5,0,0.475,0,0,0.025,0,0,0,0,0,0,0,0,0,0,0,0,0,0,0,0,0,0,0,0,0,0,0.025,0.5,0.475,0,0,0,0,0,0.65,0,0,0,0,0,0,0.025,0,0.325,0,0,0,0,0,0,0,0,0.975,0,0.025,0,0,0,0,0,0,0,0,0,0,0,0,0,0,0.575,0.425,0,0,0,0,0,0,0,0,0,0,0,0,0,0,0,0,0,0,0,0,0,0,0,0,0,0,0,0,0,0,0,0,0,0,0,0,0,0,0,0,0,0,1,0,0,0,0,0,0,0,0,0,0,0,0,0,0,0,0,0,0.5,0,0,0.025,0,0,0,0,0.45,0.025,0,0,0,0,0,0,0
LL1,0.5,0,0.5,0,0,0,0,0,0,0,0,1,0,0,0,1,0,0,0,0,0,0,0,0,0,0,0,0,0,0,0,0,0,0,0,0,0,0,0,0,0.5,0.5,0,0,0,0,0,0,0,0.5,0,0,0,0,0,0,0,0,0,0.5,0,0,0,0,0,0,0,0,0,0.5,0,0.5,0,0,0,0,0,0,0,0,0,0,0,0,0,0,0,0,0,0,0,0,0,0,0,0,0,0,0,0,0,0,0,0,0,0,1,0,0,0,0,0,0,0,0,0,0,0,0,0,0,0,0,0,0,0,0,0,0.5,0,0,0,0.5,0,0,0,0,0,0,0,0,0,0,0,0,0,0,0,0,0,0,0,1,0,0,0,0,0,0,0,0,0,0
LL2,0.15217,0,0.34783,0,0,0.3913,0.1087,0,0,0,0,1,0,0,0,1,0,0,0,0,0,0,0,0,0,0,0,0,0,0,0,0,0,0,0,0,0,0,0,0,0.32,0.32,0.24,0.12,0,0,0,0,0,0.33333,0,0,0,0,0,0,0.125,0.27083,0.16667,0.10417,0,0,0,0,0,0,0,0.38,0,0.22,0.16,0.14,0,0.1,0,0,0,0,0.125,0,0,0,0,0.16667,0,0,0.02083,0.10417,0,0,0,0,0,0,0,0,0,0,0,0.10417,0,0,0,0,0,0,0,0.25,0,0.22917,0,0,0,0,0,0,0,0,0,0,0,0,0.22,0,0,0,0.2,0,0.1,0.04,0.32,0.12,0,0,0,0,0,0,0,0,0,0.2,0.04,0,0,0,0.1,0,0,0,0.56,0,0,0,0.1,0,0,0,0,0,0,0,0
LL3,0.11364,0,0.61364,0,0.18182,0.09091,0,0,0,0,0,1,0,0,0,1,0,0,0,0,0,0,0,0,0,0,0,0,0,0,0,0,0,0,0,0,0.02174,0,0,0,0.17391,0.41304,0.06522,0.26087,0.02174,0,0.04348,0,0,0.28261,0,0,0,0.04348,0.04348,0,0,0.19565,0.17391,0.1087,0.15217,0,0,0,0,0.08333,0,0.3125,0,0.125,0.29167,0.10417,0,0.08333,0,0,0,0,0,0,0,0,0,0.16667,0,0,0.04167,0,0.10417,0,0,0.02083,0,0,0,0,0,0,0,0,0,0,0,0,0,0,0,0.14583,0.02083,0.10417,0.04167,0.20833,0,0,0,0.0625,0.02083,0.02083,0,0,0.04167,0,0,0,0,0,0.08333,0.0625,0.04167,0.45833,0.125,0.22917,0,0,0,0,0,0,0,0,0,0.05,0,0,0,0,0.15,0,0,0,0,0,0.15,0.15,0.45,0,0.05,0,0,0,0,0,0
LM1,0.5,0,0.08824,0.17647,0.17647,0.05882,0,0,0,0,0,0.61765,0.38235,0,0,0.875,0.125,0,0,0,0,0,0,0,0,0,0,0,0,0,0,0,0,0,0,0,0,0,0,0,0.15625,0.59375,0.21875,0,0.03125,0,0,0,0,0,0,0,0,0,0.03125,0,0.28125,0.28125,0.25,0.125,0.03125,0,0,0,0,0,0,0.02941,0,0.38235,0.11765,0.47059,0,0,0,0,0,0,0,0,0,0,0,0.32353,0,0,0.11765,0.02941,0,0.11765,0,0,0,0,0,0,0,0,0,0,0,0,0,0,0,0,0,0.14706,0,0.20588,0.02941,0,0,0,0,0,0.02941,0,0,0,0,0,0,0,0,0,0,0,0.11765,0.44118,0.32353,0.05882,0.05882,0,0,0,0,0,0,0,0,0.13636,0,0,0,0,0.27273,0,0,0,0,0.04545,0.09091,0.04545,0.22727,0.18182,0,0,0,0,0,0,0
LM2,1,0,0,0,0,0,0,0,0,0,0,1,0,0,0,1,0,0,0,0,0,0,0,0,0,0,0,0,0,0,0,0,0,0,0,0,0,0,0,0,0.5,0,0.5,0,0,0,0,0,0,0.625,0,0,0,0,0,0,0,0.375,0,0,0,0,0,0,0,0,0,0,0,0.52083,0,0.47917,0,0,0,0,0,0,0,0,0,0,0,0.5,0.5,0,0,0,0,0,0,0,0,0,0,0,0,0,0,0,0,0,0,0,0,0,0,0,0,0,0,0,0,0,0,0,0,0,0,0,0,0,0,0,0,0,0.5,0,0,0,0,0,0.5,0,0,0,0,0,0,0,0,0,0,0,0,0,0,0,0,0,0,0,0,0,0,0.5,0.5,0,0,0,0,0,0
LM3,0.07143,0,0.46429,0,0.46429,0,0,0,0,0,0,0.5,0.5,0,0,1,0,0,0,0,0,0,0,0,0,0,0,0,0,0,0,0,0,0,0,0,0,0,0,0,0,1,0,0,0,0,0,0,0,0,0,0,0,0,0,0,0,0,0.53571,0.46429,0,0,0,0,0,0,0,0.46429,0,0.5,0,0.03571,0,0,0,0,0,0,0,0,0,0,0,0,0,0,0,0,0,0.5,0,0,0,0,0,0,0,0,0,0,0,0,0,0,0,0,0,0,0,0,0.5,0,0,0,0,0,0,0,0,0,0,0,0,0,0,0,0,0,0.07143,0.46429,0,0.46429,0,0,0,0,0,0,0,0,0,0,0,0,0,0,0,0,0,0,0,0.03571,0.07143,0,0.89286,0,0,0,0,0,0,0,0
MC1,0.90625,0,0,0,0.09375,0,0,0,0,0,0,0.95833,0.04167,0,0,0.5,0.5,0,0,0,0,0,0,0,0,0,0,0,0,0,0,0,0,0,0,0,0,0,0,0,0.28125,0.6875,0.03125,0,0,0,0,0,0,0.375,0,0,0,0,0.25,0,0,0.125,0.21875,0.03125,0,0,0,0,0,0,0,0.0625,0,0.5,0.4375,0,0,0,0,0,0,0,0,0,0,0.25,0,0.03125,0,0,0,0,0,0.03125,0,0.09375,0.21875,0,0,0,0,0,0,0,0,0,0,0,0,0,0,0,0.25,0,0,0.125,0,0,0,0,0,0,0,0,0,0,0,0,0,0,0.28125,0,0.28125,0.21875,0.125,0.09375,0,0,0,0,0,0,0,0,0,0,0,0,0.25,0,0,0,0,0,0,0.125,0.375,0,0,0.25,0,0,0,0,0,0,0
MC2,0.41667,0,0,0,0.44444,0.13889,0,0,0,0,0,0.70588,0.29412,0,0,0.97222,0.02778,0,0,0,0,0,0,0,0,0,0,0,0,0,0,0,0,0,0,0,0,0,0,0,0.15625,0.59375,0.09375,0,0.15625,0,0,0,0,0.47222,0,0,0,0,0,0,0.02778,0,0.02778,0.47222,0,0,0,0,0,0,0,0.11111,0,0.27778,0.61111,0,0,0,0,0,0,0,0,0,0,0.02778,0,0,0.33333,0.02778,0,0,0.11111,0,0,0,0,0,0,0,0,0,0,0.02778,0,0,0,0,0,0,0,0.30556,0.02778,0,0,0,0,0,0,0,0,0.13889,0,0,0,0,0,0,0,0,0.02941,0.11765,0.20588,0.32353,0.32353,0,0,0,0,0,0,0,0,0,0,0,0,0,0,0,0.66667,0,0,0.02778,0.02778,0.11111,0,0,0.16667,0,0,0,0,0,0,0,0
MC3,0.5,0,0,0,0,0.5,0,0,0,0,0,1,0,0,0,1,0,0,0,0,0,0,0,0,0,0,0,0,0,0,0,0,0,0,0,0,0,0,0,0,0,0,1,0,0,0,0,0,0,0.5,0,0,0,0,0,0,0.5,0,0,0,0,0,0,0,0,0,0,0,0,0,0,1,0,0,0,0,0,0,0,0,0,0,0,0,0,0,0,0,0,0,0,0,0,0,0,0,0.5,0,0,0,0,0,0,0,0,0,0,0,0.5,0,0,0,0,0,0,0,0,0,0,0,0,0,0,0,0,0,0,0,0,0,1,0,0,0,0,0,0,0,0,0,0,0,0,0,0,0,0.5,0,0.5,0,0,0,0,0,0,0,0,0,0,0,0,0,0
OFR,0.16667,0,0.09091,0,0.68182,0.06061,0,0,0,0,0,0.95455,0.04545,0,0,0.98485,0.01515,0,0,0,0,0,0,0,0,0,0,0,0,0,0,0,0,0,0,0,0.30303,0,0,0,0.22727,0.0303,0.34848,0,0.09091,0,0,0,0,0,0,0,0,0.10938,0,0,0.01563,0,0.21875,0.40625,0.25,0,0,0,0,0,0,0.06061,0,0.07576,0.74242,0.12121,0,0,0,0,0,0,0,0,0,0.0625,0,0,0.0625,0,0,0,0,0,0.03125,0,0,0,0,0,0,0,0,0.15625,0,0,0.25,0,0,0,0.03125,0,0,0,0,0,0,0,0,0,0,0.25,0,0.15625,0,0,0.12121,0,0,0,0.12121,0.01515,0.30303,0,0.40909,0,0.0303,0,0,0,0,0,0,0,0,0,0,0,0,0,0,0,0,0,0,0,0,0,0,0,0,0,0,0,0,0,0
OSF,0.81429,0,0.18571,0,0,0,0,0,0,0,0,0.47059,0.52941,0,0,0.34286,0.65714,0,0,0,0,0,0,0,0,0,0,0,0,0,0,0,0,0,0,0,0,0,0,0,0,0.97143,0,0.02857,0,0,0,0,0,0.97143,0,0,0,0,0,0,0.02857,0,0,0,0,0,0,0,0,0,0,0,0,0,0.5,0.19118,0.02941,0.27941,0,0,0,0,0,0,0,0,0,0,0,0,0,0,0,0,0,0,0,0,0,0,0,0,0,0,0,0,0,0.74286,0,0,0,0,0,0.25714,0,0,0,0,0,0,0,0,0,0,0,0,0,0,1,0,0,0,0,0,0,0,0,0,0,0,0,0,0.59259,0,0,0,0,0.22222,0,0,0,0,0,0,0.18519,0,0,0,0,0,0,0,0,0,0,0,0
PER,0.77174,0,0.03261,0,0.06522,0.06522,0.06522,0,0,0,0,0.4,0.6,0,0,0.9375,0,0,0,0,0,0,0,0,0,0,0,0.0625,0,0,0,0,0,0,0,0,0,0,0,0,0.06667,0.13333,0.43333,0,0.36667,0,0,0,0,0.16667,0,0,0,0,0,0,0,0.66667,0.1,0.06667,0,0,0,0,0,0,0,0.13043,0,0.41304,0.06522,0.3913,0,0,0,0,0,0,0,0,0,0,0,0.13333,0.06667,0,0,0,0.66667,0,0,0,0,0,0.06667,0,0,0,0,0,0,0,0,0,0,0,0,0.06667,0,0,0,0,0,0,0,0,0,0,0,0,0,0,0,0,0,0,0.36667,0,0.06667,0.13333,0.33333,0.06667,0.03333,0,0,0,0,0,0,0,0,0,0,0,0,0,0,0.06667,0,0.66667,0.06667,0,0.13333,0.06667,0,0,0,0,0,0,0,0,0
RCA,0.47917,0,0.25,0.04167,0.04167,0.1875,0,0,0,0,0,0.8913,0.1087,0,0,0.28261,0.71739,0,0,0,0,0,0,0,0,0,0,0,0,0,0,0,0,0,0,0,0,0,0,0.025,0.25,0.325,0.125,0.025,0.25,0,0,0,0,0.39583,0,0,0.04167,0,0.0625,0,0.375,0,0.04167,0.02083,0.0625,0,0,0,0,0,0,0,0,0,0.4,0.6,0,0,0,0,0,0,0,0,0,0,0,0.1875,0.08333,0.0625,0.25,0,0,0.02083,0.10417,0,0,0,0,0,0,0,0,0.02083,0,0,0,0,0,0.04167,0,0.14583,0.02083,0,0,0,0,0,0.0625,0,0,0,0,0,0,0,0.22917,0,0,0,0.02083,0.04167,0.10417,0,0.10417,0.25,0.25,0,0,0,0,0,0,0,0,0,0,0,0,0,0,0.10526,0.15789,0.05263,0,0.31579,0.18421,0.15789,0,0,0,0.02632,0,0,0,0,0
RL,0.5,0,0.35714,0.07143,0,0.07143,0,0,0,0,0,0.875,0.125,0,0,0.85185,0.14815,0,0,0,0,0,0,0,0,0,0,0,0,0,0,0,0,0,0,0,0,0,0.02,0,0.12,0.16,0.14,0.3,0.22,0,0.04,0,0,0.11111,0,0,0.01852,0,0.14815,0,0.05556,0.12963,0.25926,0.22222,0.05556,0,0,0,0,0,0,0.18519,0,0.27778,0.2963,0.24074,0,0,0,0,0,0,0,0,0,0.11111,0.01852,0.01852,0.01852,0,0,0,0,0,0,0.01852,0,0,0,0,0,0,0,0,0,0,0,0,0,0.11111,0,0.31481,0.33333,0.05556,0,0,0,0,0,0,0,0,0,0,0,0,0,0,0,0,0.0625,0,0.5625,0.0625,0,0,0.3125,0,0,0,0,0,0,0,0,0,0,0,0,0,0,0,0,0,0,0.18182,0,0,0.72727,0,0.04545,0,0,0,0,0.04545,0
ROC,1,0,0,0,0,0,0,0,0,0,0,1,0,0,0,1,0,0,0,0,0,0,0,0,0,0,0,0,0,0,0,0,0,0,0,0,0,0,0,0,0,1,0,0,0,0,0,0,0,0,0,0,0,0,0,0,0,0,0.5,0.5,0,0,0,0,0,0,0,0,0,0.5,0.5,0,0,0,0,0,0,0,0,0,0,0,0,0.5,0,0,0,0,0,0,0,0,0,0,0,0,0,0,0,0,0,0,0,0,0,0,0,0.5,0,0,0,0,0,0,0,0,0,0,0,0,0,0,0,0,0,0,0,0,0.5,0,0,0,0.5,0,0,0,0,0,0,0,0,0.5,0,0,0,0,0,0,0,0,0,0,0,0.5,0,0,0,0,0,0,0,0,0
SCI,0.5,0,0,0,0,0,0,0,0,0,0.5,0.5,0.5,0,0,1,0,0,0,0,0,0,0,0,0,0,0,0,0,0,0,0,0,0,0,0,0,0,0,0,0,1,0,0,0,0,0,0,0,0,0,0,0,0,0.5,0,0,0,0,0,0.5,0,0,0,0,0,0,0,0,1,0,0,0,0,0,0,0,0,0,0,0,0,0,0,0,0,0,0,0.5,0,0,0,0,0,0,0,0,0,0,0,0,0,0,0,0,0,0,0,0,0,0,0,0,0,0,0,0,0.5,0,0,0,0,0,0,0,0,0,0,0.5,0,0,0.5,0,0,0,0,0,0,0,0,0,0,0,0,0,0,0,0.5,0,0,0,0.5,0,0,0,0,0,0,0,0,0,0,0
SEL,0.5,0,0,0,0.4,0.1,0,0,0,0,0,0.5,0.5,0,0,1,0,0,0,0,0,0,0,0,0,0,0,0,0,0,0,0,0,0,0,0,0,0,0,0,0,0.5,0.5,0,0,0,0,0,0,0.4,0,0,0,0,0,0,0,0.2,0.4,0,0,0,0,0,0,0,0,0,0,0,0,1,0,0,0,0,0,0,0,0,0,0,0,0,0.1,0,0.1,0,0,0.4,0,0,0,0,0,0,0,0,0,0,0,0,0,0,0,0,0,0,0,0,0,0,0.4,0,0,0,0,0,0,0,0,0,0,0,0,0,0,0.4,0.1,0,0,0.5,0,0,0,0,0,0,0,0,0,0,0,0,0.5,0,0,0,0,0,0.4,0,0.1,0,0,0,0,0,0,0,0,0,0
SFP,0.2,0,0.16,0,0,0.64,0,0,0,0,0,0.92,0.08,0,0,0.62,0.38,0,0,0,0,0,0,0,0,0,0,0,0,0,0,0,0,0,0,0,0,0,0,0,0.28,0.68,0.04,0,0,0,0,0,0,0,0,0.08,0,0,0.42,0,0,0.42,0.08,0,0,0,0,0,0,0,0,0,0,0.42,0.52,0.06,0,0,0,0,0,0,0,0,0,0,0,0.12,0,0,0,0,0,0,0,0,0,0,0.06,0,0,0,0,0,0,0,0,0,0,0,0,0.74,0.04,0.04,0,0,0,0,0,0,0,0,0,0,0,0,0,0,0,0,0,0,0.08,0,0.28,0,0.64,0,0,0,0,0,0,0,0,0,0,0,0,0,0,0.94118,0,0.05882,0,0,0,0,0,0,0,0,0,0,0,0,0
SHO,0.28261,0,0.28261,0.04348,0.06522,0.28261,0.04348,0,0,0,0,0.97059,0.02941,0,0,1,0,0,0,0,0,0,0,0,0,0,0,0,0,0,0,0,0,0,0,0,0,0,0,0,0.14706,0.26471,0.29412,0.17647,0.11765,0,0,0,0,0.64583,0,0,0,0,0.02083,0,0.125,0,0.20833,0,0,0,0,0,0,0,0,0,0,0.41667,0.05556,0.5,0.02778,0,0,0,0,0,0,0,0,0.11905,0,0.02381,0,0,0,0.09524,0.02381,0.04762,0.09524,0.14286,0,0,0,0,0,0,0,0.02381,0,0,0,0,0,0.02381,0,0.14286,0,0.2619,0,0,0,0,0,0,0,0,0,0,0,0,0,0,0,0,0.16667,0.0625,0.375,0.02083,0.08333,0.1875,0.0625,0,0.04167,0,0,0,0,0.03333,0.06667,0,0,0,0,0,0,0.06667,0.16667,0,0.5,0,0.06667,0,0,0,0,0,0.03333,0.06667,0,0,0
TYG,0.5,0,0,0,0,0.5,0,0,0,0,0,0.61458,0.38542,0,0,1,0,0,0,0,0,0,0,0,0,0,0,0,0,0,0,0,0,0,0,0,0,0,0,0,0,0.88542,0.11458,0,0,0,0,0,0,0,0,0,0,0,0,0,0,0.5,0.5,0,0,0,0,0,0,0,0,0,0,0.38542,0,0.61458,0,0,0,0,0,0,0,0,0,0,0,0,0.5,0,0.38542,0,0,0,0,0,0,0,0,0,0,0,0,0,0,0,0,0,0,0,0.11458,0,0,0,0,0,0,0,0,0,0,0,0,0,0,0,0,0,0,0,0.11458,0,0.5,0,0,0.38542,0,0,0,0,0,0,0,0,0,0,0,0,0,0,0,0.11458,0,0,0.38542,0,0,0.5,0,0,0,0,0,0,0,0,0
CFP,0,0,0.5,0.5,0,0,0,0,0,0,0,1,0,0,0,1,0,0,0,0,0,0,0,0,0,0,0,0,0,0,0,0,0,0,0,0,0,0,0,0,0,1,0,0,0,0,0,0,0,0,0,0,0,0,0,0,0.5,0,0,0.5,0,0,0,0,0,0,0,0,0,0.5,0,0.5,0,0,0,0,0,0,0,0,0,0,0,0,0,0,0,0,0,0,0,0,0,0.5,0,0,0,0,0,0,0,0,0,0,0,0,0,0,0.5,0,0,0,0,0,0,0,0,0,0,0,0,0,0,0,0,0,0,0,0,0,0,0,0,0,0,0,0,0,0,0,0,0,0,0,0,0,0,0,0,0.5,0.5,0,0,0,0,0,0,0,0,0,0,0,0
LOC,0.97368,0,0.02632,0,0,0,0,0,0,0,0,1,0,0,0,1,0,0,0,0,0,0,0,0,0,0,0,0,0,0,0,0,0,0,0,0,0,0,0,0,0.01316,0.98684,0,0,0,0,0,0,0,0,0,0,0,0,0,0,0,0.03947,0.46053,0.5,0,0,0,0,0,0,0,0.89474,0,0.07895,0.02632,0,0,0,0,0,0,0,0,0,0,0,0,0,0.51429,0,0.48571,0,0,0,0,0,0,0,0,0,0,0,0,0,0,0,0,0,0,0,0,0,0,0,0,0,0,0,0,0,0,0,0,0,0,0,0,0,0,0,0,0,1,0,0,0,0,0,0,0,0,0,0,0,0,1,0,0,0,0,0,0,0,0,0,0,0,0,0,0,0,0,0,0,0,0,0
MAN,0.5,0,0.5,0,0,0,0,0,0,0,0,1,0,0,0,0,1,0,0,0,0,0,0,0,0,0,0,0,0,0,0,0,0,0,0,0,0,0,0,0,0.5,0,0.5,0,0,0,0,0,0,1,0,0,0,0,0,0,0,0,0,0,0,0,0,0,0,0,0,0,0,0,0,1,0,0,0,0,0,0,0,0,0,0,0,0,0,0,0,0,0,0,0,0,0,0,0,0,0,0,0,0,0,0,0,0,0,0,0,0,0,0,0,0,0,0,0,0,0,0,0,0,0,0,0,0,0,0,0.5,0,0.5,0,0,0,0,0,0,0,0,0,0,0,0,0,0,0,0,0,0,0,0,0,0,0,0,0,0,0,0,0,0,0,0,0,0
POC,0.5,0,0.5,0,0,0,0,0,0,0,0,1,0,0,0,0.5,0.5,0,0,0,0,0,0,0,0,0,0,0,0,0,0,0,0,0,0,0,0,0.14583,0,0,0.32292,0.33333,0.05208,0,0.14583,0,0,0,0,0.36458,0,0,0,0,0,0,0.13542,0.13542,0.32292,0,0.04167,0,0,0,0,0,0,0,0,0.20833,0.46875,0.32292,0,0,0,0,0,0,0,0,0,0,0,0,0,0,0,0,0,0,0,0,0,0,0,0,0,0,0,0,0,0,0,0,0,0,0,0,0,0,0,0,0,0,0,0,0,0,0,0,0,0,0,0,0,0,0.01563,0.51563,0,0,0.46875,0,0,0,0,0,0,0,0,0,0,0,0,0,0,0,0,0,0,0,0,0,0,0,0,0,0,0,0,0,0,0,0
PWP,0.4375,0,0.48958,0.02083,0,0.03125,0.02083,0,0,0,0,0.47917,0.52083,0,0.01163,0.63953,0.26744,0,0,0,0,0,0,0,0,0,0.01163,0,0,0,0,0,0.06977,0,0,0,0,0,0,0,0.39362,0.14894,0.06383,0.01064,0.38298,0,0,0,0,0.58511,0,0,0,0,0,0,0.17021,0,0.15957,0.02128,0.06383,0,0,0,0,0,0.02174,0,0,0.11957,0.36957,0.47826,0.01087,0,0,0,0,0,0,0,0,0,0,0.04545,0.27273,0.06061,0.07576,0.28788,0,0,0.0303,0.04545,0,0,0,0,0,0,0,0.01515,0,0,0,0,0,0.01515,0,0.04545,0.09091,0,0,0.01515,0,0,0,0,0,0,0,0,0,0,0.02857,0,0,0,0.01429,0.05714,0.22857,0.41429,0.11429,0.14286,0,0,0,0,0,0,0,0,0,0.02941,0,0,0,0,0,0.08824,0.14706,0,0.02941,0.17647,0.16176,0.23529,0,0.01471,0.10294,0,0.01471,0,0,0,0
SU1,0.62121,0,0,0.01515,0,0.36364,0,0,0,0,0,0.59091,0.40909,0,0,1,0,0,0,0,0,0,0,0,0,0,0,0,0,0,0,0,0,0,0,0,0,0,0,0,0.01515,0.86364,0.04545,0.01515,0.06061,0,0,0,0,0.01515,0,0,0,0,0.0303,0,0.07576,0.07576,0.04545,0.37879,0.36364,0.01515,0,0,0,0,0,0,0,0.40909,0.13636,0.45455,0,0,0,0,0,0,0,0,0,0,0,0.15152,0.34848,0,0.06061,0,0,0,0,0,0,0,0.37879,0,0,0,0,0,0,0,0,0,0,0.04545,0,0.01515,0,0,0,0,0,0,0,0,0,0,0,0,0,0,0,0,0,0,0,0,0.45455,0.07576,0.42424,0.01515,0.0303,0,0,0,0,0,0,0.0303,0,0.39394,0,0,0,0,0,0.39394,0,0.10606,0.0303,0,0.01515,0,0,0.0303,0,0,0,0,0,0,0
SUS,0.63333,0,0.23333,0.05,0,0.08333,0,0,0,0,0,0.35,0.65,0,0,0.86667,0.13333,0,0,0,0,0,0,0,0,0,0,0,0,0,0,0,0,0,0,0,0,0,0,0,0.28333,0.28333,0.28333,0,0.15,0,0,0,0,0.06667,0,0,0,0,0,0,0.5,0.01667,0.21667,0.15,0.05,0,0,0,0,0,0,0,0,0.57407,0.01852,0.40741,0,0,0,0,0,0,0,0,0,0,0,0.41667,0.01667,0,0.13333,0,0,0,0.01667,0.18333,0,0,0,0,0,0,0,0,0,0,0,0,0,0,0,0,0,0,0,0,0,0,0,0,0,0,0,0.23333,0,0,0,0,0,0,0,0.23333,0.46667,0.2,0.06667,0,0.03333,0,0,0,0,0,0,0.125,0,0.375,0,0,0,0,0,0.1875,0.25,0,0.0625,0,0,0,0,0,0,0,0,0,0,0,0
CON,0.5,0,0.05,0,0.45,0,0,0,0,0,0,0.95,0.05,0,0,0.45,0.55,0,0,0,0,0,0,0,0,0,0,0,0,0,0,0,0,0,0,0,0,0,0,0,0,0,0,0,0,0,0,0,0,0,0,0,0,0,0.05,0,0.45,0.05,0.45,0,0,0,0,0,0,0,0,0.45,0,0.05,0.05,0,0,0.45,0,0,0,0,0,0,0,0.5,0,0.05,0,0,0,0,0,0,0,0,0,0,0.45,0,0,0,0,0,0,0,0,0,0,0,0,0,0,0,0,0,0,0,0,0,0,0,0,0,0,0,0,0,0,0,0.5,0.05,0,0,0,0.45,0,0,0,0,0,0,0,0,0,0,0,0,0.5,0,0,0,0.45,0.05,0,0,0,0,0,0,0,0,0,0,0,0,0
WEN,0.5,0,0.5,0,0,0,0,0,0,0,0,1,0,0,0,1,0,0,0,0,0,0,0,0,0,0,0,0,0,0,0,0,0,0,0,0,0,0,0,0,0,0,0.5,0,0.5,0,0,0,0,0,0,0,0,0,0,0,0,0.5,0,0.5,0,0,0,0,0,0,0,0.5,0,0.5,0,0,0,0,0,0,0,0,0,0,0,0,0,0,0,0,1,0,0,0,0,0,0,0,0,0,0,0,0,0,0,0,0,0,0,0,0,0,0,0,0,0,0,0,0,0,0,0,0,0,0,0,0,0,0,0,0,0,0.5,0,0,0,0.5,0,0,0,0,0,0,0,0,0,0,0,0,0,0.5,0,0,0,0.5,0,0,0,0,0,0,0,0,0,0,0,0
LCN,0,0,0,0.5,0,0,0.5,0,0,0,0,0.5,0.5,0,0,0.5,0.5,0,0,0,0,0,0,0,0,0,0,0,0,0,0,0,0,0,0,0,0,0,0,0,0.5,0.5,0,0,0,0,0,0,0,0,0,0,0,0,0,0,0,0,0,0.97368,0.02632,0,0,0,0,0,0,0,0.5,0,0,0.5,0,0,0,0,0,0,0,0,0,0,0,0,0,0,0.5,0,0,0,0.01042,0,0,0,0,0.45833,0.03125,0,0,0,0,0,0,0,0,0,0,0,0,0,0,0,0,0,0,0,0,0,0,0,0,0,0,0,0,0,0,0,0.5,0,0.5,0,0,0,0,0,0,0,0,0,0,0,0,0,0,0,0,0,0,0,0,0,0,0,0,0,0,0,0,0,0,0,0
CHA,1,0,0,0,0,0,0,0,0,0,0,1,0,0,0,0,1,0,0,0,0,0,0,0,0,0,0,0,0,0,0,0,0,0,0,0,0,0,0,0,0,0.5,0,0.5,0,0,0,0,0,0,0,0,0,0,0,0,0,0,0,0,1,0,0,0,0,0,0,0,0,0.5,0,0.5,0,0,0,0,0,0,0,0,0,1,0,0,0,0,0,0,0,0,0,0,0,0,0,0,0,0,0,0,0,0,0,0,0,0,0,0,0,0,0,0,0,0,0,0,0,0,0,0,0,0,0,0,0,0,0,0,0.5,0,0,0,0.5,0,0,0,0,0,0,0,0,0,0,0,0,0,0,0,0,0,0,0,0,0,0,0,0,0,0,0,0,0,0